Workbook

Sheet Sheet1
A1: Flight | B1: Arrival | C1: Departure | D1: Consuming | E1: Gate assigned | G1: Gate assigned | H1: Flight | I1: Arrival | J1: Gate Y | L1: Gate | M1: Y | N1: Gate x | P1: 时间 | Q1: 数值
A2: BY1585 | B2: 0.010416667 | C2: 0.038194444 | D2: =Sheet1!$C2-Sheet1!$B2 -> 0.027777778 | E2: 3 | G2: 1 | H2: BE1034 | I2: 0.41319444 | J2: =VLOOKUP(G2,$L$2:$M$20,2,0) -> 18.5 | L2: 1 | M2: 18.5 | N2: 0 | P2: 0.020833333 | Q2: 0.020833333
A3: AF1473 | B3: 0.22222222 | C3: 0.25 | D3: =Sheet1!$C3-Sheet1!$B3 -> 0.027777778 | E3: 5 | G3: 1 | H3: BE1045 | I3: 0.86458333 | J3: =VLOOKUP(G3,$L$2:$M$20,2,0) -> 18.5 | L3: 2 | M3: 17.5 | N3: 0 | P3: 0.041666667 | Q3: 0.041666667
A4: KL1440 | B4: 0.22569444 | C4: 0.25347222 | D4: =Sheet1!$C4-Sheet1!$B4 -> 0.027777778 | E4: 2 | G4: 1 | H4: BE1051 | I4: 0.58333333 | J4: =VLOOKUP(G4,$L$2:$M$20,2,0) -> 18.5 | L4: 3 | M4: 16.5 | N4: 0 | P4: 0.95833333 | Q4: 0.95833333
A5: BE1030 | B5: 0.25 | C5: 0.27777778 | D5: =Sheet1!$C5-Sheet1!$B5 -> 0.027777778 | E5: 4 | G5: 1 | H5: BE1064 | I5: 0.81597222 | J5: =VLOOKUP(G5,$L$2:$M$20,2,0) -> 18.5 | L5: 4 | M5: 15.5 | N5: 0
A6: BY1664 | B6: 0.25694444 | C6: 0.28472222 | D6: =Sheet1!$C6-Sheet1!$B6 -> 0.027777778 | E6: 1 | G6: 1 | H6: BE154 | I6: 0.63541667 | J6: =VLOOKUP(G6,$L$2:$M$20,2,0) -> 18.5 | L6: 5 | M6: 14.5 | N6: 0
A7: LM70 | B7: 0.26388889 | C7: 0.29166667 | D7: =Sheet1!$C7-Sheet1!$B7 -> 0.027777778 | E7: 6 | G7: 1 | H7: BE321 | I7: 0.34027778 | J7: =VLOOKUP(G7,$L$2:$M$20,2,0) -> 18.5 | L7: 6 | M7: 13.5 | N7: 0
A8: BE2121 | B8: 0.26736111 | C8: 0.29513889 | D8: =Sheet1!$C8-Sheet1!$B8 -> 0.027777778 | E8: 3 | G8: 1 | H8: BY1664 | I8: 0.25694444 | J8: =VLOOKUP(G8,$L$2:$M$20,2,0) -> 18.5 | L8: 7 | M8: 12.5 | N8: 0
A9: BA1303 | B9: 0.29861111 | C9: 0.32638889 | D9: =Sheet1!$C9-Sheet1!$B9 -> 0.027777778 | E9: 2 | G9: 1 | H9: FR9222 | I9: 0.46875 | J9: =VLOOKUP(G9,$L$2:$M$20,2,0) -> 18.5 | L9: 8 | M9: 11.5 | N9: 0
A10: BE321 | B10: 0.34027778 | C10: 0.36805556 | D10: =Sheet1!$C10-Sheet1!$B10 -> 0.027777778 | E10: 1 | G10: 1 | H10: KL1449 | I10: 0.69791667 | J10: =VLOOKUP(G10,$L$2:$M$20,2,0) -> 18.5 | L10: 9 | M10: 10.5 | N10: 0
A11: BE320 | B11: 0.35069444 | C11: 0.37847222 | D11: =Sheet1!$C11-Sheet1!$B11 -> 0.027777778 | E11: 6 | G11: 1 | H11: LM75 | I11: 0.52083333 | J11: =VLOOKUP(G11,$L$2:$M$20,2,0) -> 18.5 | L11: 10 | M11: 9.5 | N11: 0
A12: EI3241 | B12: 0.35069444 | C12: 0.37847222 | D12: =Sheet1!$C12-Sheet1!$B12 -> 0.027777778 | E12: 4 | G12: 1 | H12: W61617 | I12: 0.92013889 | J12: =VLOOKUP(G12,$L$2:$M$20,2,0) -> 18.5 | L12: 11 | M12: 8.5 | N12: 0
A13: LM73 | B13: 0.35763889 | C13: 0.38541667 | D13: =Sheet1!$C13-Sheet1!$B13 -> 0.027777778 | E13: 11 | G13: 2 | H13: BA1303 | I13: 0.29861111 | J13: =VLOOKUP(G13,$L$2:$M$20,2,0) -> 17.5 | L13: 12 | M13: 7.5 | N13: 0
A14: KL1442 | B14: 0.35763889 | C14: 0.38541667 | D14: =Sheet1!$C14-Sheet1!$B14 -> 0.027777778 | E14: 2 | G14: 2 | H14: BA1307 | I14: 0.43402778 | J14: =VLOOKUP(G14,$L$2:$M$20,2,0) -> 17.5 | L14: 13 | M14: 6.5 | N14: 0
A15: EI3240 | B15: 0.36111111 | C15: 0.38888889 | D15: =Sheet1!$C15-Sheet1!$B15 -> 0.027777778 | E15: 5 | G15: 2 | H15: BA1309 | I15: 0.59027778 | J15: =VLOOKUP(G15,$L$2:$M$20,2,0) -> 17.5 | L15: 14 | M15: 5.5 | N15: 0
A16: LM72 | B16: 0.36111111 | C16: 0.38888889 | D16: =Sheet1!$C16-Sheet1!$B16 -> 0.027777778 | E16: 13 | G16: 2 | H16: BE1046 | I16: 0.85416667 | J16: =VLOOKUP(G16,$L$2:$M$20,2,0) -> 17.5 | L16: 15 | M16: 4.5 | N16: 0
... A20: LM31 | B20: 0.38541667 | C20: 0.41319444 | D20: =Sheet1!$C20-Sheet1!$B20 -> 0.027777778 | E20: 7 | G20: 2 | H20: BY1665 | I20: 0.91319444 | J20: =VLOOKUP(G20,$L$2:$M$20,2,0) -> 17.5 | L20: 19 | M20: 0.5 | N20: 0
A21: BE1033 | B21: 0.40972222 | C21: 0.4375 | D21: =Sheet1!$C21-Sheet1!$B21 -> 0.027777778 | E21: 6 | G21: 2 | H21: KL1440 | I21: 0.22569444 | J21: =VLOOKUP(G21,$L$2:$M$20,2,0) -> 17.5
A22: BE1034 | B22: 0.41319444 | C22: 0.44097222 | D22: =Sheet1!$C22-Sheet1!$B22 -> 0.027777778 | E22: 1 | G22: 2 | H22: KL1442 | I22: 0.35763889 | J22: =VLOOKUP(G22,$L$2:$M$20,2,0) -> 17.5
A23: BA1306 | B23: 0.42708333 | C23: 0.45486111 | D23: =Sheet1!$C23-Sheet1!$B23 -> 0.027777778 | E23: 3 | G23: 3 | H23: AF1472 | I23: 0.875 | J23: =VLOOKUP(G23,$L$2:$M$20,2,0) -> 16.5
A24: BA1307 | B24: 0.43402778 | C24: 0.46180556 | D24: =Sheet1!$C24-Sheet1!$B24 -> 0.027777778 | E24: 2 | G24: 3 | H24: BA1306 | I24: 0.42708333 | J24: =VLOOKUP(G24,$L$2:$M$20,2,0) -> 16.5
A25: KL1444 | B25: 0.4375 | C25: 0.46527778 | D25: =Sheet1!$C25-Sheet1!$B25 -> 0.027777778 | E25: 4 | G25: 3 | H25: BA1308 | I25: 0.58680556 | J25: =VLOOKUP(G25,$L$2:$M$20,2,0) -> 16.5
A26: KL1443 | B26: 0.4375 | C26: 0.46527778 | D26: =Sheet1!$C26-Sheet1!$B26 -> 0.027777778 | E26: 5 | G26: 3 | H26: BA1316 | I26: 0.82638889 | J26: =VLOOKUP(G26,$L$2:$M$20,2,0) -> 16.5
A27: FR9222 | B27: 0.46875 | C27: 0.49652778 | D27: =Sheet1!$C27-Sheet1!$B27 -> 0.027777778 | E27: 1 | G27: 3 | H27: BE2121 | I27: 0.26736111 | J27: =VLOOKUP(G27,$L$2:$M$20,2,0) -> 16.5
A28: FR9221 | B28: 0.47916667 | C28: 0.50694444 | D28: =Sheet1!$C28-Sheet1!$B28 -> 0.027777778 | E28: 3 | G28: 3 | H28: BT659 | I28: 0.71527778 | J28: =VLOOKUP(G28,$L$2:$M$20,2,0) -> 16.5
A29: BE2122 | B29: 0.48958333 | C29: 0.51736111 | D29: =Sheet1!$C29-Sheet1!$B29 -> 0.027777778 | E29: 6 | G29: 3 | H29: BY1585 | I29: 0.010416667 | J29: =VLOOKUP(G29,$L$2:$M$20,2,0) -> 16.5
A30: BE1063 | B30: 0.49305556 | C30: 0.52083333 | D30: =Sheet1!$C30-Sheet1!$B30 -> 0.027777778 | E30: 2 | G30: 3 | H30: FR9221 | I30: 0.47916667 | J30: =VLOOKUP(G30,$L$2:$M$20,2,0) -> 16.5
A31: LM34 | B31: 0.49305556 | C31: 0.52083333 | D31: =Sheet1!$C31-Sheet1!$B31 -> 0.027777778 | E31: 4 | G31: 3 | H31: KL1441 | I31: 0.36458333 | J31: =VLOOKUP(G31,$L$2:$M$20,2,0) -> 16.5
A32: LM33 | B32: 0.5 | C32: 0.52777778 | D32: =Sheet1!$C32-Sheet1!$B32 -> 0.027777778 | E32: 7 | G32: 3 | H32: KL1451 | I32: 0.92708333 | J32: =VLOOKUP(G32,$L$2:$M$20,2,0) -> 16.5
... A58: KL1451 | B58: 0.92708333 | C58: 0.95486111 | D58: =Sheet1!$C58-Sheet1!$B58 -> 0.027777778 | E58: 3 | G58: 13 | H58: LM72 | I58: 0.36111111 | J58: =VLOOKUP(G58,$L$2:$M$20,2,0) -> 6.5
